<pkgref spec="1.12" uuid="09117115-AC2B-4DDC-843E-57ED0F950EA4"><config><identifier>com.c74.patcherinstaller</identifier><version>1.3.1</version><description></description><post-install type="none"/><requireAuthorization/><installFrom relative="true" mod="true" includeRoot="true">Actual Item/Soundflower.kext</installFrom><installTo>/System/Library/Extensions</installTo><flags><followSymbolicLinks/><discardResourceForks/><isRequired/></flags><packageStore type="internal"></packageStore><mod>parent</mod><mod>scripts.postinstall.path</mod><mod>postInstall</mod><mod>scripts.preupgrade.path</mod><mod>scripts.postupgrade.path</mod><mod>installFrom.isRelativeType</mod><mod>version</mod><mod>scripts.scriptsDirectoryPath.path</mod><mod>installTo</mod><mod>identifier</mod></config><contents><file-list>01soundflower-contents.xml</file-list><component id="com.Cycling74.driver.Soundflower" path="/Users/nevyn/Development/Projects/Hobby/SoundFlower/1.3.1/Installer/Actual Item/Soundflower.kext" version="1.3.1"/></contents></pkgref>