<pkmkdoc spec="1.12"><properties><title>Soundflower</title><build>/Users/nevyn/Development/Projects/Hobby/SoundFlower/1.3.1/Installer/Soundflower.pkg</build><organization>com.Cycling74</organization><userSees ui="easy"/><min-target os="1"/><domain system="true"/></properties><distribution><versions min-spec="1.000000"/><scripts></scripts></distribution><description>Soundflower is a virtual audio device for passing audio between applications.</description><contents><choice title="Actual Item" id="choice0" starts_selected="true" starts_enabled="true" starts_hidden="false"><pkgref id="com.c74.patcherinstaller"/></choice></contents><resources bg-scale="none" bg-align="topleft"><locale lang="en"><resource type="readme">/Users/nevyn/Development/Projects/Hobby/SoundflowerSourceVolume/Installer/Resources/ReadMe.rtf</resource></locale></resources><flags/><item type="file">01soundflower.xml</item></pkmkdoc>