<pkg-contents spec="1.12"><f n="Actual Item" o="nevyn" g="staff" p="16877" x="true" pt="/Users/nevyn/Development/Projects/Hobby/SoundFlower/1.3.1/Installer/Actual Item" m="true" t="file"><f n=".DS_Store" o="root" g="wheel" p="33204" x="true"><mod>mode</mod></f><f n="Soundflower.kext" o="root" g="wheel" p="16877"><f n="Contents" o="root" g="wheel" p="16877"><f n="Info.plist" o="root" g="wheel" p="33188"/><f n="MacOS" o="root" g="wheel" p="16877"><f n="Soundflower" o="root" g="wheel" p="33188"/></f><f n="Resources" o="root" g="wheel" p="16877"><f n="English.lproj" o="root" g="wheel" p="16877"><f n="InfoPlist.strings" o="root" g="wheel" p="33261"/></f></f></f></f></f></pkg-contents>