<pkgref spec="1.12" uuid="FD5C27B2-4749-4B97-96A3-D0B8BCB3A9C0"><config><identifier>eu.thirdcog.soundflower.pkg</identifier><version>1.3.1</version><description></description><post-install type="none"/><requireAuthorization/><installFrom>/Users/nevyn/Development/Projects/Hobby/SoundFlower/1.3.1/Installer/Actual Item</installFrom><installTo mod="true">/System/Library/Extensions/</installTo><flags><followSymbolicLinks/></flags><packageStore type="internal"></packageStore><mod>parent</mod><mod>scripts.postinstall.isRelativeType</mod><mod>postInstall</mod><mod>scripts.preupgrade.path</mod><mod>scripts.postupgrade.path</mod><mod>version</mod><mod>installTo.path</mod><mod>scripts.scriptsDirectoryPath.path</mod><mod>installTo</mod><mod>identifier</mod></config><scripts><postinstall relative="true" mod="true">Resources/postinstall.command</postinstall><preupgrade relative="true" mod="true">Resources/preupgrade</preupgrade><postupgrade relative="true" mod="true">Resources/postupgrade</postupgrade><scripts-dir relative="true" mod="true">Resources</scripts-dir></scripts><contents><file-list>01actual-contents.xml</file-list><component id="com.Cycling74.driver.Soundflower" path="/Users/nevyn/Development/Projects/Hobby/SoundFlower/1.3.1/Installer/Actual Item/Soundflower.kext" version="1.3.1" isDowngradeable="true"><mod>isDowngradeable</mod></component><filter>/CVS$</filter><filter>/\.svn$</filter><filter>/\.cvsignore$</filter><filter>/\.cvspass$</filter><filter>/\.DS_Store$</filter></contents></pkgref>