<pkmkdoc spec="1.12"><properties><title>SoundFlower 1.3.1</title><build>/Users/nevyn/Development/Projects/Hobby/SoundFlower/1.3.1/Installer/Soundflower.pkg</build><organization>eu.thirdcog</organization><userSees ui="easy"/><min-target os="1"/><domain anywhere="true"/></properties><distribution><versions min-spec="1.000000"/><scripts></scripts></distribution><description>Soundflower is a virtual audio device for passing audio between applications. This is a custom version by ThirdCog Software that adds volume controls.</description><contents><choice title="Actual Item" id="choice5" starts_selected="true" starts_enabled="true" starts_hidden="false"><pkgref id="eu.thirdcog.soundflower.pkg"/></choice></contents><resources bg-scale="none" bg-align="topleft"><locale lang="en"/></resources><flags/><item type="file">01actual.xml</item><mod>description</mod><mod>properties.title</mod></pkmkdoc>